{"01333000.csv": 0.19346492673122295, "01350000.csv": 0.36911906358694757, "01350080.csv": -0.04946606313253188, "01350140.csv": -0.3359357320555576, "01365000.csv": -0.38544231569916376, "01411300.csv": 0.5644237989171073, "01413500.csv": 0.6161830741353223, "01414500.csv": 0.09256433508534179, "01415000.csv": 0.7810102649659136, "01423000.csv": 0.6315612585268304, "01434025.csv": -0.8964015672100474, "01435000.csv": 0.18149016674438456, "01439500.csv": 0.6575946951118015, "01440000.csv": 0.5684676712252189, "01440400.csv": 0.5924537627137154, "01451800.csv": 0.6900454906336109, "01466500.csv": -5, "01484100.csv": -3.3346526709538784, "01485500.csv": 0.3103010223574597, "01486000.csv": -0.8508821530304407, "01487000.csv": -0.047814490039686186, "01491000.csv": 0.652446055515062, "01510000.csv": 0.7208505557267388, "01516500.csv": -0.7366210578140244, "01518862.csv": 0.38948364368734645, "01532000.csv": 0.2836328938139763, "01539000.csv": 0.7219631227287054, "01542810.csv": 0.8295779708773217, "01543000.csv": 0.710446878105991, "01543500.csv": 0.5916698545229759, "01544500.csv": 0.6571606476998763, "01545600.csv": 0.6885641587636995, "01547700.csv": 0.8388934311262555, "01548500.csv": 0.7054888676431588, "01549500.csv": 0.7051051418330797, "01550000.csv": 0.5569085122885021, "01552000.csv": 0.39109952497741163, "01552500.csv": 0.26586011449838143, "01557500.csv": 0.5399563028546668, "01567500.csv": 0.686371550050371, "01568000.csv": 0.48628584802462116, "01580000.csv": 0.2224772629271955, "01583500.csv": 0.17874377550630927, "01586610.csv": -0.5942380750586003, "01591400.csv": -1.5071040213422657, "01594950.csv": -5, "01596500.csv": 0.5842696953238293, "01605500.csv": 0.6136213129255867, "01606500.csv": 0.6955108549143398, "01613050.csv": 0.5356322126241806, "01620500.csv": -0.6332697968952794, "01632000.csv": 0.43789439636039984, "01632900.csv": 0.40543705550643694, "01634500.csv": 0.33803476545727706, "01638480.csv": 0.2747364660196392, "01639500.csv": 0.43144835470667786, "01644000.csv": 0.6139044595057616, "01658500.csv": 0.5222168017900408, "01664000.csv": 0.4542800930312568, "01666500.csv": 0.45286858563983257, "01667500.csv": 0.4614538032468405, "01669000.csv": 0.8058606742869345, "01669520.csv": 0.24423249886180065, "02011400.csv": 0.6796984060618577, "02011460.csv": 0.4971176358750219, "02013000.csv": 0.3362571620822741, "02014000.csv": 0.466521517727732, "02015700.csv": 0.5086629949807211, "02016000.csv": 0.5962538091559708, "02017500.csv": 0.696429038142413, "02018000.csv": 0.3934026977539, "02027000.csv": 0.7514562470824209, "02027500.csv": 0.2701269708665216, "02028500.csv": 0.3990918988060198, "02038850.csv": 0.3471083928615528}