{"01350000.csv": 0.5646179277953716, "01423000.csv": 0.7401678412583574, "01510000.csv": 0.6888160707256693, "01543000.csv": 0.8645470462810564, "01552000.csv": 0.5471580689283556, "01605500.csv": 0.7555863218003431, "01620500.csv": -0.8273812197571877, "01632000.csv": 0.43456325989425304, "01632900.csv": 0.6046996387060131, "01666500.csv": 0.5450150279480335, "02011400.csv": 0.8332705344435842, "02011460.csv": 0.5663954022724806, "02013000.csv": 0.410492105582582, "02014000.csv": 0.7282601717125042, "02015700.csv": 0.6708292521141186, "02017500.csv": 0.7550744635818222, "02027000.csv": 0.3197851962331235, "02027500.csv": -0.5479791375296916, "02028500.csv": 0.029927584436281185, "01333000.csv": 0.6683053495357445, "01350080.csv": 0.739252049438533, "01350140.csv": 0.3671286901088163, "01365000.csv": 0.19861767442335154, "01414500.csv": 0.828325418040665, "01415000.csv": 0.6478661526555362, "01434025.csv": -1, "01435000.csv": 0.5035416543456294, "01440000.csv": 0.6733869330430917, "01440400.csv": 0.6732724264134502, "01516500.csv": 0.04518468614192139, "01518862.csv": 0.47791932219382394, "01542810.csv": -1, "01545600.csv": 0.821779852468883, "01547700.csv": 0.6288319114618419, "01549500.csv": 0.7515998840079469, "01552500.csv": 0.6605593161207924, "01557500.csv": 0.7887296809722012, "01411300.csv": 0.6662706971991355, "01451800.csv": 0.6752586983323758, "01466500.csv": 0.3820960498830642, "01491000.csv": 0.5627651891673745, "01567500.csv": 0.5494794265959249, "01580000.csv": -0.2935652910293942, "01583500.csv": 0.4861349399186067, "01586610.csv": 0.580026956001492, "01591400.csv": 0.7291568149364054, "01594950.csv": 0.3625846751853341, "01596500.csv": 0.7669895546143595, "01613050.csv": 0.5742288566170035, "01634500.csv": 0.560639276093005, "01638480.csv": 0.37293227037203147, "01639500.csv": 0.5652034159597135, "01606500.csv": 0.8492960380005059, "01644000.csv": -1, "01664000.csv": 0.8290935418383966, "01667500.csv": 0.6675359426248562, "02016000.csv": 0.8203841833382146, "02018000.csv": 0.8431555439901091, "01484100.csv": 0.9024975250233399, "01485500.csv": 0.7616716289094009, "01486000.csv": 0.5437111670230859, "01487000.csv": 0.38295236606237415, "01658500.csv": 0.18110564551437502, "01669000.csv": -0.02496284874638577, "01669520.csv": 0.8253633027508772, "02038850.csv": 0.7149418381835668, "01543500.csv": 0.6745126072812336, "01548500.csv": 0.7883328150329196, "01413500.csv": 0.8121432023042636, "01439500.csv": 0.5155940109649122, "01532000.csv": 0.5786622224710887, "01539000.csv": 0.8246941633746799, "01544500.csv": 0.9151218731017169, "01550000.csv": 0.7852453479856482, "01568000.csv": 0.746060380554892}