{"01350000.csv": 0.5947995498944192, "01423000.csv": 0.7477129263561486, "01510000.csv": 0.6797448446675142, "01543000.csv": 0.870072910167891, "01552000.csv": 0.573163214691413, "01605500.csv": 0.7780189794013432, "01620500.csv": -1, "01632000.csv": 0.45620545751717945, "01632900.csv": 0.32616061788580053, "01666500.csv": 0.5475998071836903, "02011400.csv": 0.8120805819743776, "02011460.csv": 0.5946588362004026, "02013000.csv": 0.4705639416163344, "02014000.csv": 0.7885399566145392, "02015700.csv": 0.6593472864996788, "02017500.csv": 0.7478504888509198, "02027000.csv": 0.057142136725856885, "02027500.csv": -1, "02028500.csv": -0.15896595919356593, "01333000.csv": 0.6197057972949854, "01350080.csv": 0.5108508487468806, "01350140.csv": -0.058706274834410044, "01365000.csv": 0.1473696814551928, "01414500.csv": 0.6437575710785193, "01415000.csv": 0.6736517489382761, "01434025.csv": -1, "01435000.csv": 0.5713098281671352, "01440000.csv": 0.7195253178257791, "01440400.csv": 0.7184988690992484, "01516500.csv": -0.39300039351985383, "01518862.csv": 0.49467535440988597, "01542810.csv": -1, "01545600.csv": 0.8422210611335016, "01547700.csv": 0.6587790050955249, "01549500.csv": 0.8099936193973871, "01552500.csv": 0.5835977681136452, "01557500.csv": 0.8326422587394279, "01411300.csv": 0.693057976890727, "01451800.csv": 0.8070139025609637, "01466500.csv": 0.16795002528354552, "01491000.csv": 0.6193983799480403, "01567500.csv": 0.7339066465787057, "01580000.csv": 0.4484684422534122, "01583500.csv": 0.41730590325026307, "01586610.csv": 0.37965264352529227, "01591400.csv": 0.6393595020695939, "01594950.csv": 0.31858477718110256, "01596500.csv": 0.7699835026637669, "01613050.csv": 0.6441979369472459, "01634500.csv": 0.5349029388960913, "01638480.csv": 0.32860366988174894, "01639500.csv": 0.6328085184580291, "01606500.csv": 0.7772089249860497, "01644000.csv": -0.8215909934764356, "01664000.csv": 0.8829980060578959, "01667500.csv": 0.7200135691066465, "02016000.csv": 0.7319594623455581, "02018000.csv": 0.8462795469803178, "01484100.csv": 0.6401900705773853, "01485500.csv": 0.756303884297974, "01486000.csv": 0.4763539094156414, "01487000.csv": 0.5195695923726377, "01658500.csv": 0.08102057198313739, "01669000.csv": 0.10845647940870218, "01669520.csv": 0.7835252942617845, "02038850.csv": 0.6992037450159767, "01543500.csv": 0.6488731294964316, "01548500.csv": 0.6833520764728904, "01413500.csv": 0.6667252146860458, "01439500.csv": -0.13471476903120205, "01532000.csv": 0.7756463679906267, "01539000.csv": 0.9231792602871283, "01544500.csv": 0.790894346598124, "01550000.csv": 0.883962391049005, "01568000.csv": 0.8294193873166469}