{"01333000.csv": -0.027549143988513825, "01350000.csv": 0.6797346997356795, "01350080.csv": -0.6956703882367146, "01350140.csv": -1, "01365000.csv": -1, "01411300.csv": 0.8273041700865348, "01413500.csv": 0.8454787176424222, "01414500.csv": -1, "01415000.csv": 0.8043464091041217, "01423000.csv": 0.8552018998212032, "01434025.csv": -1, "01435000.csv": -0.7471667640913855, "01439500.csv": -1, "01440000.csv": 0.5642730915320031, "01440400.csv": -1, "01451800.csv": 0.6282943315207605, "01466500.csv": -1, "01484100.csv": -0.023013728885754592, "01485500.csv": 0.7487618547979074, "01486000.csv": 0.7528914067916948, "01487000.csv": 0.4805590523278873, "01491000.csv": 0.6963896978060001, "01510000.csv": 0.706204441966529, "01516500.csv": -1, "01518862.csv": 0.5986566956832201, "01532000.csv": 0.4879413476032577, "01539000.csv": 0.9061377228461011, "01542810.csv": 0.7551209515508859, "01543000.csv": 0.8106027423804186, "01543500.csv": 0.5999565531212081, "01544500.csv": 0.6423299901950985, "01545600.csv": -1, "01547700.csv": 0.8398231206682606, "01548500.csv": 0.7539222795651601, "01549500.csv": 0.3485553737109389, "01550000.csv": 0.8310449184026792, "01552000.csv": 0.6015297259867298, "01552500.csv": -1, "01557500.csv": -1, "01567500.csv": 0.4086875778915976, "01568000.csv": 0.9027521579642618, "01580000.csv": 0.05341353366173829, "01583500.csv": 0.00040716126836304323, "01586610.csv": -0.058212276040691346, "01591400.csv": 0.6186033189604364, "01594950.csv": -1, "01596500.csv": 0.26261911674567406, "01605500.csv": 0.6811543217391565, "01606500.csv": 0.7002695765246691, "01613050.csv": -0.2437164653911683, "01620500.csv": -1, "01632000.csv": 0.43484896420013497, "01632900.csv": 0.48506164165597143, "01634500.csv": 0.2382151506082112, "01638480.csv": 0.2294573673026441, "01639500.csv": 0.277085939525214, "01644000.csv": 0.6838198860780368, "01658500.csv": 0.7733904540922063, "01664000.csv": 0.6388446636930996, "01666500.csv": 0.4120799514017137, "01667500.csv": 0.6058958155341951, "01669000.csv": 0.7766418755312188, "01669520.csv": -0.09309761838371133, "02011400.csv": 0.6246452111101137, "02011460.csv": 0.33717711435171016, "02013000.csv": 0.39866528300687787, "02014000.csv": 0.6100045266403089, "02015700.csv": 0.42724976371196643, "02016000.csv": 0.6468683478155841, "02017500.csv": 0.7884967867785047, "02018000.csv": 0.4603398553946483, "02027000.csv": 0.5396127094303336, "02027500.csv": -0.2833318217592695, "02028500.csv": 0.08246896802579617, "02038850.csv": 0.494409777197937}