{"01333000.csv": 0.26798412984762054, "01350000.csv": 0.5375270315419698, "01350080.csv": 0.20562905928474817, "01350140.csv": -0.09234796137435741, "01365000.csv": -0.6327810164170629, "01411300.csv": 0.8125482315501873, "01413500.csv": 0.6073093878887688, "01414500.csv": 0.1423871487364763, "01415000.csv": 0.8592287702630645, "01423000.csv": 0.8128552753989753, "01434025.csv": -1, "01435000.csv": 0.0851935808128178, "01439500.csv": -0.43359679009058616, "01440000.csv": 0.6826774227159129, "01440400.csv": -0.4032658253907331, "01451800.csv": 0.7261348762158348, "01466500.csv": -1, "01484100.csv": -0.5502437667436442, "01485500.csv": 0.6232462483193217, "01486000.csv": 0.46062688494949944, "01487000.csv": 0.5475997911224462, "01491000.csv": 0.7134638337133047, "01510000.csv": 0.7536587283215969, "01516500.csv": -0.8491851501145729, "01518862.csv": 0.4901374143096012, "01532000.csv": 0.4174095558634937, "01539000.csv": 0.8492227181772907, "01542810.csv": 0.8431455171143809, "01543000.csv": 0.8250254710335562, "01543500.csv": 0.670286956100266, "01544500.csv": 0.8193721911019549, "01545600.csv": 0.44248117944504084, "01547700.csv": 0.8462043261180275, "01548500.csv": 0.796314260402875, "01549500.csv": 0.8146886530846451, "01550000.csv": 0.7515780171944637, "01552000.csv": 0.5384555206435127, "01552500.csv": 0.45111397515044727, "01557500.csv": 0.526843440764357, "01567500.csv": 0.8338079287128483, "01568000.csv": 0.7291531440363903, "01580000.csv": 0.21907315341410094, "01583500.csv": 0.3739837326005686, "01586610.csv": 0.1113004615792863, "01591400.csv": 0.17505008669458189, "01594950.csv": -1, "01596500.csv": 0.585017793959498, "01605500.csv": 0.6486748339245545, "01606500.csv": 0.6834038513747677, "01613050.csv": 0.5470594962682029, "01620500.csv": -0.5662591234500876, "01632000.csv": 0.4372582000951448, "01632900.csv": 0.6042435826367215, "01634500.csv": 0.3498943953428324, "01638480.csv": 0.26694751656888993, "01639500.csv": 0.4441734768958976, "01644000.csv": 0.666979577503917, "01658500.csv": 0.7829295092832804, "01664000.csv": 0.6622261179354707, "01666500.csv": 0.45638556636951944, "01667500.csv": 0.6235118977366473, "01669000.csv": 0.8606465941710396, "01669520.csv": 0.17266179163208317, "02011400.csv": 0.6792072718508114, "02011460.csv": 0.47770519106975085, "02013000.csv": 0.34619675604356104, "02014000.csv": 0.5207711955254954, "02015700.csv": 0.5260503078902461, "02016000.csv": 0.6159743169971281, "02017500.csv": 0.740769504059128, "02018000.csv": 0.4369806545078192, "02027000.csv": 0.70025825864819, "02027500.csv": 0.32467888973675196, "02028500.csv": 0.2963081272481318, "02038850.csv": 0.40795058257244665}