{"01350000.csv": 0.6108462301045535, "01423000.csv": 0.7572372837249487, "01510000.csv": 0.631136244952881, "01543000.csv": 0.8639867114018023, "01552000.csv": 0.5675765013771202, "01605500.csv": 0.7227311551429529, "01620500.csv": -0.6189263992358605, "01632000.csv": 0.43697073566766376, "01632900.csv": 0.584019374157392, "01666500.csv": 0.598017471953421, "02011400.csv": 0.8050202703584558, "02011460.csv": 0.5537693043468295, "02013000.csv": 0.4334877740986054, "02014000.csv": 0.7597591794872234, "02015700.csv": 0.6178644189207378, "02017500.csv": 0.7373969775860949, "02027000.csv": 0.24891723599098903, "02027500.csv": -0.4461833565136897, "02028500.csv": 0.022941923149421006, "01333000.csv": 0.6036103427025136, "01350080.csv": 0.7319921633711445, "01350140.csv": 0.3721404741525992, "01365000.csv": 0.22278661823577284, "01414500.csv": 0.8276547548952721, "01415000.csv": 0.5747471825388923, "01434025.csv": -0.5747681028250167, "01435000.csv": 0.47718452114593946, "01440000.csv": 0.6209184319949017, "01440400.csv": 0.6463681339680531, "01516500.csv": 0.3576189463156655, "01518862.csv": 0.43297668652695254, "01542810.csv": -0.6033420885047796, "01545600.csv": 0.798272642115266, "01547700.csv": 0.577431998013921, "01549500.csv": 0.702603741475791, "01552500.csv": 0.5681634190644786, "01557500.csv": 0.7398598220807027, "01411300.csv": 0.5827717899695752, "01451800.csv": 0.685429806943838, "01466500.csv": 0.203867033925892, "01491000.csv": 0.6314655587069717, "01567500.csv": 0.4056153689951685, "01580000.csv": -0.12581886909733764, "01583500.csv": 0.3854702443156911, "01586610.csv": 0.6028065092028372, "01591400.csv": 0.673340842152718, "01594950.csv": -0.1985116092078001, "01596500.csv": 0.7538001595598458, "01613050.csv": 0.13375703821145135, "01634500.csv": 0.5393107312454342, "01638480.csv": 0.33452924758193403, "01639500.csv": 0.505857076999186, "01606500.csv": 0.8421131145189534, "01644000.csv": -1, "01664000.csv": 0.845014628383121, "01667500.csv": 0.7083255744466944, "02016000.csv": 0.8231300760093703, "02018000.csv": 0.8382824776024641, "01484100.csv": 0.775502900954182, "01485500.csv": 0.7468091374046524, "01486000.csv": 0.5579588166331746, "01487000.csv": 0.6068857919226176, "01658500.csv": 0.17953341837617076, "01669000.csv": 0.24818548712561106, "01669520.csv": 0.7987135252671291, "02038850.csv": 0.7911770687752783, "01543500.csv": 0.7113499145043382, "01548500.csv": 0.7986344782439276, "01413500.csv": 0.6982396146211206, "01439500.csv": -0.30411522678729686, "01532000.csv": 0.7786581652653896, "01539000.csv": 0.9363304969400933, "01544500.csv": 0.7465513273457789, "01550000.csv": 0.8966541873294153, "01568000.csv": 0.8559524773474916}