{"01350000.csv": 0.5909369523485033, "01423000.csv": 0.7432911086631897, "01510000.csv": 0.6214880995866906, "01543000.csv": 0.8558223410421304, "01552000.csv": 0.5513617798456905, "01605500.csv": 0.7952500556857158, "01620500.csv": -1, "01632000.csv": 0.3937724618167634, "01632900.csv": 0.5859420575014698, "01666500.csv": 0.5116668852232809, "02011400.csv": 0.8412560282114154, "02011460.csv": 0.5743167340893429, "02013000.csv": 0.3155656849981163, "02014000.csv": 0.7206314000371086, "02015700.csv": 0.7150807086293971, "02017500.csv": 0.6073551402202331, "02027000.csv": 0.32762406343676875, "02027500.csv": -0.8355274627637974, "02028500.csv": -0.003799650524827891, "01333000.csv": 0.5991943883921425, "01350080.csv": 0.7105846689171158, "01350140.csv": 0.42032961110591305, "01365000.csv": 0.2966277059659498, "01414500.csv": 0.8251184266625371, "01415000.csv": 0.5502610184626653, "01434025.csv": -0.5104560306328143, "01435000.csv": 0.4981925202405134, "01440000.csv": 0.594234554129369, "01440400.csv": 0.6219016080582085, "01516500.csv": 0.24835621165266764, "01518862.csv": 0.41668395754513776, "01542810.csv": -0.7045966026140296, "01545600.csv": 0.7966600123613896, "01547700.csv": 0.5820899568145357, "01549500.csv": 0.6523272406934844, "01552500.csv": 0.5641968264640687, "01557500.csv": 0.7341612006214577, "01411300.csv": 0.8572900634068747, "01451800.csv": 0.6894833753962641, "01466500.csv": 0.8060761664389733, "01491000.csv": 0.5681549659646717, "01567500.csv": 0.8411867432723387, "01580000.csv": 0.4175463208345074, "01583500.csv": 0.5627017104006897, "01586610.csv": 0.4295761735328477, "01591400.csv": 0.5313468022097397, "01594950.csv": -1, "01596500.csv": 0.7335776094695271, "01613050.csv": 0.6853898560161795, "01634500.csv": 0.47307101871121204, "01638480.csv": 0.32138093239335463, "01639500.csv": 0.6487508032719453, "01606500.csv": 0.8255324225996108, "01644000.csv": -0.5074210864952853, "01664000.csv": 0.9068717585683014, "01667500.csv": 0.7512623366351938, "02016000.csv": 0.8073195631248903, "02018000.csv": 0.8672918615398312, "01484100.csv": 0.7630288118294246, "01485500.csv": 0.7378641287334193, "01486000.csv": 0.5472818885505353, "01487000.csv": 0.5871048863253653, "01658500.csv": 0.20297792882445576, "01669000.csv": 0.2373049341203496, "01669520.csv": 0.7660373110745151, "02038850.csv": 0.7757036406366853, "01543500.csv": 0.7383803301007728, "01548500.csv": 0.7916056034567356, "01413500.csv": 0.7690807867890497, "01439500.csv": 0.019247985369173826, "01532000.csv": 0.7702575264247624, "01539000.csv": 0.9162026801870045, "01544500.csv": 0.8505500373596468, "01550000.csv": 0.8949224993231945, "01568000.csv": 0.800992691211414}